Name,Status,Created time,Last edited time,Theme
"pow(x, n)",done,"November 1, 2023 3:11 PM","November 2, 2023 4:56 PM",math
Sqrt,done,"November 1, 2023 3:11 PM","November 1, 2023 4:37 PM",
Factorial Trailing Zeroes,done,"November 1, 2023 3:11 PM","November 2, 2023 4:56 PM",math
https://leetcode.com/problems/max-points-on-a-line/,done,"November 1, 2023 5:19 PM","November 2, 2023 4:56 PM",math
https://leetcode.com/problems/kth-largest-element-in-an-array/,"done, in progress","November 1, 2023 5:58 PM","November 1, 2023 6:24 PM",heap
https://leetcode.com/problems/ipo/,"done, in progress","November 1, 2023 6:24 PM","November 1, 2023 10:30 PM",heap
https://leetcode.com/problems/find-k-pairs-with-smallest-sums/,"done, in progress","November 1, 2023 10:30 PM","November 2, 2023 2:56 PM",heap
https://leetcode.com/problems/find-median-from-data-stream/,"done, in progress","November 2, 2023 2:56 PM","November 2, 2023 4:45 PM",heap
https://leetcode.com/problems/search-insert-position/,"done, in progress","November 2, 2023 4:45 PM","November 2, 2023 4:55 PM",Binary Search
https://leetcode.com/problems/search-a-2d-matrix/,"done, in progress","November 2, 2023 4:56 PM","November 2, 2023 5:36 PM",Binary Search
문제 리스트,in progress,"November 2, 2023 5:36 PM","February 19, 2024 10:30 AM",
https://leetcode.com/problems/regular-expression-matching/,in progress,"November 2, 2023 5:40 PM","November 2, 2023 11:54 PM",DP
https://leetcode.com/problems/find-peak-element/,"done, in progress","November 3, 2023 3:31 PM","November 3, 2023 5:17 PM",Binary Search
https://leetcode.com/problems/search-in-rotated-sorted-array/,"done, in progress","November 3, 2023 5:17 PM","November 9, 2023 5:14 PM",Binary Search
https://leetcode.com/problems/burst-balloons/description/,done,"November 7, 2023 1:05 PM","May 27, 2024 7:31 PM",DP
https://leetcode.com/problems/find-first-and-last-position-of-element-in-sorted-array/description/?envType=study-plan-v2&envId=top-interview-150,in progress,"November 9, 2023 5:14 PM","November 9, 2023 6:38 PM",Binary Search
https://leetcode.com/problems/find-minimum-in-rotated-sorted-array/description/?envType=study-plan-v2&envId=top-interview-150,in progress,"November 9, 2023 6:39 PM","November 12, 2023 3:45 PM",Binary Search
https://leetcode.com/problems/min-cost-climbing-stairs/description/?envType=study-plan-v2&envId=dynamic-programming,done,"November 12, 2023 10:58 AM","November 12, 2023 11:19 AM",DP
https://leetcode.com/problems/house-robber/solutions/846002/python-dynamic-programming-easy-solution-faster-than-95/?envType=study-plan-v2&envId=dynamic-programming,done,"November 12, 2023 11:28 AM","November 12, 2023 11:36 AM",DP
https://leetcode.com/problems/delete-and-earn/?envType=study-plan-v2&envId=dynamic-programming,"done, in progress, 👀1","November 12, 2023 4:48 PM","February 28, 2024 12:11 PM",DP
https://leetcode.com/problems/unique-paths/description/?envType=study-plan-v2&envId=dynamic-programming,done,"November 12, 2023 7:02 PM","November 12, 2023 7:08 PM",DP
https://leetcode.com/problems/minimum-path-sum/,done,"November 12, 2023 7:09 PM","November 12, 2023 7:22 PM",DP
https://leetcode.com/problems/unique-paths-ii/description/?envType=study-plan-v2&envId=dynamic-programming,done,"November 12, 2023 10:50 PM","November 12, 2023 10:52 PM",DP
https://leetcode.com/problems/triangle/description/?envType=study-plan-v2&envId=dynamic-programming,done,"November 12, 2023 10:52 PM","November 13, 2023 11:02 AM",DP
https://leetcode.com/problems/minimum-falling-path-sum/description/?envType=study-plan-v2&envId=dynamic-programming,done,"November 13, 2023 11:02 AM","November 13, 2023 11:14 AM",DP
https://leetcode.com/problems/maximal-square/description/?envType=study-plan-v2&envId=dynamic-programming,"done, in progress","November 13, 2023 11:14 AM","November 13, 2023 11:59 AM",DP
https://leetcode.com/problems/maximal-rectangle/description/,"done, in progress, incomplete","November 13, 2023 11:58 AM","November 14, 2023 10:58 AM",DP
https://leetcode.com/problems/longest-palindromic-substring/description/?envType=study-plan-v2&envId=dynamic-programming,"done, in progress","November 13, 2023 4:48 PM","November 14, 2023 10:09 AM",DP
https://leetcode.com/problems/word-break/?envType=study-plan-v2&envId=dynamic-programming,"done, in progress, incomplete","November 13, 2023 6:51 PM","November 14, 2023 11:23 AM",DP
https://leetcode.com/problems/largest-rectangle-in-histogram/description/,"done, in progress, incomplete, 👀1","November 14, 2023 10:56 AM","December 7, 2023 4:53 PM",DP
https://leetcode.com/problems/word-break-ii/description/,yet,"November 14, 2023 11:24 AM","November 14, 2023 10:40 PM",
https://leetcode.com/problems/longest-palindromic-subsequence/solutions/1468396/c-python-2-solutions-top-down-dp-bottom-up-dp-o-n-space-clean-concise/?envType=study-plan-v2&envId=dynamic-programming,done,"November 14, 2023 11:36 AM","November 14, 2023 3:21 PM",DP
https://leetcode.com/problems/edit-distance/description/?envType=study-plan-v2&envId=dynamic-programming,"done, in progress","November 14, 2023 3:22 PM","November 14, 2023 4:12 PM",DP
https://leetcode.com/problems/minimum-ascii-delete-sum-for-two-strings/description/?envType=study-plan-v2&envId=dynamic-programming,"done, in progress","November 14, 2023 4:15 PM","November 14, 2023 5:35 PM",DP
https://leetcode.com/problems/distinct-subsequences/description/?envType=study-plan-v2&envId=dynamic-programming,"done, in progress","November 14, 2023 5:35 PM","November 15, 2023 11:12 AM",DP
https://leetcode.com/problems/create-maximum-number/description/?envType=list&envId=pri9k1mv,"in progress, 👀1","November 15, 2023 4:29 PM","November 16, 2023 3:26 PM",DP
https://leetcode.com/problems/max-sum-of-rectangle-no-larger-than-k/description/,,"November 15, 2023 4:29 PM","November 15, 2023 4:29 PM",
https://leetcode.com/problems/reconstruct-itinerary/description/,"done, in progress, with help","November 15, 2023 4:29 PM","December 15, 2023 11:05 PM",DFS
https://leetcode.com/problems/valid-palindrome/description/?envType=study-plan-v2&envId=top-interview-150,"done, in progress","November 16, 2023 5:22 PM","November 16, 2023 5:38 PM",Two pointers
https://leetcode.com/problems/is-subsequence/description/?envType=study-plan-v2&envId=top-interview-150,"done, in progress","November 16, 2023 5:39 PM","November 16, 2023 5:44 PM",Two pointers
https://leetcode.com/problems/summary-ranges/description/?envType=study-plan-v2&envId=top-interview-150,done,"November 16, 2023 5:45 PM","November 16, 2023 5:53 PM",array
https://leetcode.com/problems/valid-parentheses/description/?envType=study-plan-v2&envId=top-interview-150,"done, in progress","November 16, 2023 5:53 PM","November 16, 2023 6:00 PM",stack
https://leetcode.com/problems/linked-list-cycle/description/?envType=study-plan-v2&envId=top-interview-150,"done, in progress","November 16, 2023 6:01 PM","November 16, 2023 6:28 PM",Linked list
Kadane’s algorithm,algorithm,"November 17, 2023 2:21 PM","November 17, 2023 3:13 PM",DP
https://leetcode.com/problems/maximum-subarray/description/?envType=study-plan-v2&envId=top-interview-150,done,"November 17, 2023 2:27 PM","November 17, 2023 3:14 PM",DP
https://leetcode.com/problems/maximum-sum-circular-subarray/description/?envType=study-plan-v2&envId=top-interview-150,"done, in progress, incomplete","November 17, 2023 2:28 PM","November 17, 2023 4:19 PM",DP
Backtrack,"algorithm, yet","November 17, 2023 4:21 PM","November 17, 2023 4:22 PM",recursive
DP 복습,summary,"November 17, 2023 4:24 PM","November 17, 2023 4:52 PM",DP
https://leetcode.com/problems/best-time-to-buy-and-sell-stock-iv/description/?envType=study-plan-v2&envId=top-interview-150,"done, incomplete, 👀1","November 17, 2023 4:56 PM","November 21, 2023 12:19 AM",DP
https://leetcode.com/problems/best-time-to-buy-and-sell-stock-with-cooldown/description/,"done, 👀1","November 17, 2023 4:59 PM","November 17, 2023 5:41 PM",DP
https://leetcode.com/problems/convert-sorted-array-to-binary-search-tree/description/?envType=study-plan-v2&envId=top-interview-150,"done, in progress","November 20, 2023 11:04 AM","November 30, 2023 11:04 PM",Divide & Conquer
"11/18 시험 문제 ",in progress,"November 20, 2023 3:28 PM","November 22, 2023 5:45 PM",combat
https://leetcode.com/problems/average-of-levels-in-binary-tree/description/?envType=study-plan-v2&envId=top-interview-150,done,"November 21, 2023 12:32 AM","November 21, 2023 11:18 AM",BFS
https://leetcode.com/problems/solving-questions-with-brainpower/description/?envType=study-plan-v2&envId=dynamic-programming,"done, in progress","November 21, 2023 11:18 AM","November 22, 2023 1:50 PM",DP
https://leetcode.com/problems/count-ways-to-build-good-strings/description/?envType=study-plan-v2&envId=dynamic-programming,"done, in progress","November 21, 2023 3:51 PM","November 21, 2023 10:44 PM",DP
https://leetcode.com/problems/decode-ways/description/?envType=study-plan-v2&envId=dynamic-programming,"done, in progress","November 21, 2023 10:47 PM","November 21, 2023 11:10 PM",DP
https://leetcode.com/problems/minimum-cost-for-tickets/description/?envType=study-plan-v2&envId=dynamic-programming,in progress,"November 21, 2023 11:09 PM","November 22, 2023 1:44 PM",DP
https://leetcode.com/problems/merge-two-sorted-lists/description/?envType=study-plan-v2&envId=top-interview-150,"done, in progress","November 22, 2023 1:55 PM","November 22, 2023 2:03 PM",Linked list
https://leetcode.com/problems/domino-and-tromino-tiling/description/?envType=study-plan-v2&envId=dynamic-programming,"done, in progress, 🏋️‍♀️","November 22, 2023 2:03 PM","November 22, 2023 5:13 PM",DP
https://leetcode.com/problems/create-maximum-number/description/?envType=list&envId=pri9k1mv (re),"done, in progress, revisited","November 22, 2023 5:15 PM","November 22, 2023 10:21 PM",DP
https://leetcode.com/problems/combination-sum-iv/description/?envType=list&envId=pri9k1mv,"done, in progress","November 22, 2023 10:21 PM","November 22, 2023 10:32 PM",DP
https://leetcode.com/problems/frog-jump/description/?envType=list&envId=pri9k1mv,"done, in progress","November 22, 2023 10:34 PM","November 23, 2023 3:46 PM",DP
https://leetcode.com/problems/split-array-largest-sum/description/?envType=list&envId=pri9k1mv,"done, in progress, incomplete, 🏋️‍♀️","November 23, 2023 3:47 PM","November 23, 2023 10:34 PM",DP
https://leetcode.com/problems/get-maximum-in-generated-array/description/,"done, in progress","November 23, 2023 10:37 PM","November 23, 2023 10:59 PM",DP
https://leetcode.com/problems/number-of-ways-to-reach-destination-in-the-grid/description/,"done, in progress, 🏋️‍♀️","November 23, 2023 11:01 PM","November 24, 2023 12:52 PM",DP
https://leetcode.com/problems/maximum-strictly-increasing-cells-in-a-matrix/description/,in progress,"November 24, 2023 12:54 PM","November 25, 2023 12:35 PM",DP
https://leetcode.com/problems/minimum-absolute-difference-in-bst/description/?envType=study-plan-v2&envId=top-interview-150,"done, in progress","November 27, 2023 10:29 AM","November 27, 2023 10:59 AM",Tree
https://leetcode.com/problems/number-of-strings-which-can-be-rearranged-to-contain-substring/description/,"done, in progress, incomplete, 🏋️‍♀️","November 27, 2023 11:08 AM","November 28, 2023 10:28 AM",DP
https://leetcode.com/problems/combinations/description/,"done, in progress, incomplete","November 27, 2023 2:56 PM","December 5, 2023 5:42 PM",backtracking
https://leetcode.com/problems/maximum-score-after-applying-operations-on-a-tree/description/,"in progress, incomplete, 🏋️‍♀️","November 27, 2023 3:59 PM","November 28, 2023 12:55 PM",DP
https://leetcode.com/problems/counting-bits/description/,in progress,"November 27, 2023 10:36 PM","November 27, 2023 10:46 PM",DP
https://leetcode.com/problems/best-time-to-buy-and-sell-stock/description/,"done, in progress","November 28, 2023 12:56 PM","November 28, 2023 1:06 PM",DP
https://leetcode.com/problems/number-of-corner-rectangles/description/,"in progress, incomplete","November 28, 2023 1:08 PM","November 29, 2023 11:51 AM",DP
https://leetcode.com/problems/predict-the-winner/description/,"in progress, 🏋️‍♀️","November 28, 2023 3:08 PM","November 29, 2023 11:47 AM",DP
https://leetcode.com/problems/minimum-number-of-taps-to-open-to-water-a-garden/description/,"done, in progress, with help","November 28, 2023 6:36 PM","November 29, 2023 12:37 PM",DP
https://leetcode.com/problems/divisor-game/description/,"done, in progress","November 28, 2023 11:30 PM","November 29, 2023 12:45 AM",DP
https://leetcode.com/problems/pascals-triangle-ii,"done, in progress","November 29, 2023 12:39 PM","November 29, 2023 3:17 PM",DP
https://leetcode.com/problems/build-array-where-you-can-find-the-maximum-exactly-k-comparisons,"done, in progress, with help","November 29, 2023 12:40 PM","November 29, 2023 10:31 PM",DP
https://leetcode.com/problems/check-if-there-is-a-valid-partition-for-the-array,"in progress, with help","November 29, 2023 12:41 PM","November 30, 2023 3:44 PM",DP
https://leetcode.com/problems/painting-the-walls,"in progress, with help, 🏋️‍♀️","November 29, 2023 12:41 PM","November 30, 2023 6:08 PM",DP
https://leetcode.com/problems/generate-parentheses,"done, in progress","November 29, 2023 12:42 PM","December 5, 2023 11:55 PM",Divide & Conquer
https://leetcode.com/explore/learn/card/recursion-ii/,algorithm,"December 1, 2023 11:10 AM","December 6, 2023 3:11 PM",recursive
https://leetcode.com/problems/merge-sorted-array/description/,"done, in progress","December 1, 2023 1:54 PM","December 1, 2023 3:13 PM",Divide & Conquer
https://leetcode.com/problems/sort-an-array/description/,"done, in progress","December 1, 2023 4:02 PM","December 1, 2023 4:32 PM",sort
https://leetcode.com/problems/validate-binary-search-tree/,"done, in progress","December 1, 2023 9:53 PM","December 2, 2023 11:13 AM",Tree
https://leetcode.com/problems/binary-tree-inorder-traversal/description/,"done, in progress","December 2, 2023 9:36 AM","December 6, 2023 2:26 PM",Tree
https://leetcode.com/problems/search-a-2d-matrix-ii/description/,"done, in progress","December 2, 2023 11:14 AM","December 4, 2023 11:37 AM",Divide & Conquer
https://leetcode.com/problems/sort-colors/description/,"done, in progress, with help, 👀1","December 4, 2023 11:55 AM","December 5, 2023 12:46 PM",sort
https://leetcode.com/problems/n-queens-ii/description/,"in progress, with help","December 4, 2023 4:20 PM","December 5, 2023 12:58 PM",backtracking
https://leetcode.com/problems/robot-room-cleaner/description/,"in progress, with help, 🏋️‍♀️","December 4, 2023 9:33 PM","December 6, 2023 2:51 PM",backtracking
https://leetcode.com/problems/sudoku-solver/description/,"done, in progress, incomplete, with help, 🏋️‍♀️","December 5, 2023 1:34 PM","December 6, 2023 2:07 PM",backtracking
https://leetcode.com/problems/same-tree/description/,"done, in progress","December 5, 2023 5:32 PM","December 5, 2023 6:05 PM",recursive
https://leetcode.com/problems/binary-tree-level-order-traversal/description/,"done, in progress","December 6, 2023 12:48 AM","December 6, 2023 3:00 PM",recursive
https://leetcode.com/problems/convert-binary-search-tree-to-sorted-doubly-linked-list/description/,"in progress, with help","December 6, 2023 3:18 PM","December 7, 2023 4:59 PM",Divide & Conquer
https://leetcode.com/problems/permutations/description/,"done, in progress","December 7, 2023 5:00 PM","December 7, 2023 5:10 PM",recursive
https://leetcode.com/problems/letter-combinations-of-a-phone-number/description/,"done, in progress","December 7, 2023 5:10 PM","December 7, 2023 5:41 PM",recursive
https://leetcode.com/problems/the-skyline-problem/description/,"done, in progress, incomplete, 🏋️‍♀️","December 7, 2023 5:50 PM","December 11, 2023 5:15 PM",recursive
Amortized Analysis,algorithm,"December 11, 2023 3:17 PM","December 11, 2023 3:33 PM",
https://leetcode.com/explore/learn/card/graph/,"algorithm, done","December 11, 2023 5:19 PM","January 2, 2024 11:35 PM",graph
https://leetcode.com/problems/number-of-provinces/description/,"done, in progress","December 12, 2023 5:48 PM","December 12, 2023 6:33 PM",graph
https://leetcode.com/problems/graph-valid-tree/,"done, in progress","December 12, 2023 6:38 PM","December 13, 2023 11:33 AM",graph
https://leetcode.com/problems/number-of-connected-components-in-an-undirected-graph/description/,"done, in progress","December 13, 2023 11:33 AM","December 13, 2023 11:42 AM",graph
https://leetcode.com/problems/the-earliest-moment-when-everyone-become-friends/description/,in progress,"December 13, 2023 11:43 AM","December 13, 2023 12:15 PM",graph
https://leetcode.com/problems/smallest-string-with-swaps/description/,"done, in progress, with help","December 13, 2023 1:18 PM","December 13, 2023 5:09 PM",graph
https://leetcode.com/problems/evaluate-division/description/,"in progress, with help, 🏋️‍♀️","December 13, 2023 5:10 PM","December 14, 2023 11:51 AM",graph
https://leetcode.com/problems/optimize-water-distribution-in-a-village/description/,"done, in progress, with help, 🤺","December 14, 2023 1:05 PM","January 2, 2024 11:34 PM",graph
https://leetcode.com/problems/find-if-path-exists-in-graph/description/,"done, in progress, 🏋️‍♀️","December 14, 2023 2:59 PM","December 18, 2023 4:24 PM",graph
https://leetcode.com/problems/all-paths-from-source-to-target/description/,"done, in progress, with help","December 14, 2023 5:04 PM","December 18, 2023 4:39 PM",graph
https://leetcode.com/problems/clone-graph/description/,"done, in progress, with help","December 15, 2023 9:05 PM","December 15, 2023 10:06 PM",graph
https://leetcode.com/problems/all-paths-from-source-lead-to-destination/description/,"done, in progress, with help","December 15, 2023 11:06 PM","December 18, 2023 4:28 PM",graph
12/16 시험 문제,"done, in progress","December 18, 2023 9:48 AM","December 18, 2023 10:20 AM",combat
https://leetcode.com/problems/populating-next-right-pointers-in-each-node/description/,"done, in progress","December 18, 2023 5:12 PM","December 18, 2023 5:21 PM",BFS
https://leetcode.com/problems/shortest-path-in-binary-matrix/description/,"done, in progress, with help","December 18, 2023 5:27 PM","December 20, 2023 3:23 PM",BFS
https://leetcode.com/problems/n-ary-tree-level-order-traversal/description/,"done, in progress","December 20, 2023 3:23 PM","December 20, 2023 3:30 PM",graph
https://leetcode.com/problems/rotting-oranges/description/,in progress,"December 20, 2023 3:31 PM","December 20, 2023 4:39 PM",graph
https://leetcode.com/problems/min-cost-to-connect-all-points/description/,"done, in progress","December 20, 2023 6:52 PM","December 22, 2023 11:05 AM",graph
https://leetcode.com/problems/network-delay-time/description/,"in progress, with help","December 22, 2023 3:34 PM","December 22, 2023 6:46 PM",graph
https://leetcode.com/problems/cheapest-flights-within-k-stops/description/,"done, in progress, with help","December 26, 2023 10:57 PM","February 7, 2024 5:50 PM",graph
https://leetcode.com/problems/path-with-minimum-effort/description/,"done, in progress, with help, 🏋️‍♀️, 💎","December 27, 2023 4:43 PM","January 2, 2024 5:34 PM",graph
https://leetcode.com/problems/course-schedule-ii/description/,"done, in progress","December 28, 2023 9:53 PM","January 2, 2024 5:34 PM",graph
Binary Search Variants,"done, in progress","December 29, 2023 4:25 PM","December 31, 2023 10:06 PM",Binary Search
https://leetcode.com/problems/alien-dictionary/description/,in progress,"December 30, 2023 2:42 PM","January 8, 2024 4:18 PM",graph
https://leetcode.com/problems/minimum-height-trees/description/,"done, in progress, with help","January 2, 2024 2:18 PM","January 2, 2024 5:35 PM",graph
https://leetcode.com/problems/parallel-courses/description/,in progress,"January 2, 2024 5:35 PM","January 2, 2024 9:50 PM",graph
https://leetcode.com/explore/learn/card/dynamic-programming/,"algorithm, done","January 2, 2024 11:37 PM","January 12, 2024 8:32 PM",DP
"DP explore 예제 ",in progress,"January 3, 2024 4:01 PM","January 4, 2024 11:29 AM",DP
https://leetcode.com/problems/longest-common-subsequence/description/,"done, in progress, with help, 💎","January 4, 2024 6:03 PM","January 9, 2024 4:29 PM",DP
https://leetcode.com/problems/maximal-square/description/,"done, in progress, with help, 💎","January 5, 2024 3:42 PM","January 6, 2024 10:03 AM",DP
https://leetcode.com/problems/minimum-difficulty-of-a-job-schedule/description/,in progress,"January 7, 2024 12:00 PM","January 7, 2024 11:04 PM",DP
https://leetcode.com/problems/coin-change/description/,"done, in progress","January 7, 2024 11:25 PM","January 8, 2024 2:53 PM",DP
139. Word Break (🪂),"done, in progress","January 8, 2024 2:52 PM","January 8, 2024 4:55 PM",DP
https://leetcode.com/problems/longest-increasing-subsequence/description/,"done, in progress, with help","January 8, 2024 4:55 PM","January 8, 2024 9:42 PM",DP
https://leetcode.com/problems/best-time-to-buy-and-sell-stock-iv/description/ (🪂),"done, in progress","January 8, 2024 9:50 PM","January 9, 2024 2:27 PM",DP
https://leetcode.com/problems/best-time-to-buy-and-sell-stock-with-cooldown/description/,"done, in progress","January 9, 2024 2:26 PM","January 9, 2024 3:09 PM",DP
https://leetcode.com/problems/min-cost-climbing-stairs/description/,"done, in progress","January 9, 2024 3:56 PM","January 9, 2024 4:10 PM",DP
https://leetcode.com/problems/paint-fence/description/,"done, in progress","January 9, 2024 4:33 PM","January 10, 2024 11:19 AM",DP
https://leetcode.com/problems/coin-change-ii/description/,"done, in progress, with help","January 10, 2024 11:20 AM","January 10, 2024 4:17 PM",DP
https://leetcode.com/problems/decode-ways/description/,"done, in progress, with help","January 10, 2024 4:17 PM","January 11, 2024 6:17 PM",DP
https://leetcode.com/problems/best-time-to-buy-and-sell-stock/description/,"done, in progress","January 12, 2024 10:03 AM","January 12, 2024 11:00 AM",DP
https://leetcode.com/problems/maximum-sum-circular-subarray/description/,"done, in progress","January 12, 2024 1:58 PM","January 12, 2024 4:24 PM",DP
https://leetcode.com/problems/unique-paths-ii/description/ (🪂),"done, in progress","January 12, 2024 5:06 PM","January 12, 2024 5:16 PM",DP
https://leetcode.com/problems/minimum-path-sum/description/(🪂),"done, in progress","January 12, 2024 5:17 PM","January 12, 2024 8:16 PM",DP
https://leetcode.com/problems/minimum-falling-path-sum/description/(🪂),"done, in progress","January 12, 2024 8:16 PM","January 12, 2024 8:31 PM",DP
https://leetcode.com/problems/best-time-to-buy-and-sell-stock-with-transaction-fee/description/,"done, in progress","January 12, 2024 8:32 PM","January 13, 2024 10:49 AM",DP
https://leetcode.com/problems/paint-house/description/,"done, in progress","January 14, 2024 11:15 AM","January 14, 2024 11:27 AM",DP
https://leetcode.com/problems/paint-house-ii/description/,"done, in progress","January 14, 2024 11:28 AM","January 14, 2024 6:12 PM",DP
https://leetcode.com/problems/paint-house-iii/description/,"done, in progress, with help, 🏋️‍♀️","January 14, 2024 6:12 PM","January 15, 2024 3:53 PM",DP
https://leetcode.com/problems/count-vowels-permutation/description/,"done, in progress","January 15, 2024 4:06 PM","January 15, 2024 4:42 PM",DP
https://leetcode.com/problems/maximum-length-of-repeated-subarray/description/,"done, in progress","January 15, 2024 4:44 PM","January 16, 2024 1:05 PM",DP
https://leetcode.com/problems/number-of-dice-rolls-with-target-sum/description/,"done, in progress","January 15, 2024 5:09 PM","January 15, 2024 5:56 PM",DP
https://leetcode.com/problems/domino-and-tromino-tiling/(🪂),"done, in progress, with help, 🏋️‍♀️","January 15, 2024 5:56 PM","January 16, 2024 1:05 PM",DP
https://leetcode.com/problems/minimum-cost-for-tickets/description/,"done, in progress, incomplete, with help","January 16, 2024 1:06 PM","January 16, 2024 4:54 PM",DP
https://leetcode.com/problems/interleaving-string/description/ (🪂),"done, in progress","January 16, 2024 5:10 PM","January 17, 2024 2:37 PM",DP
https://leetcode.com/problems/trapping-rain-water/description/,"done, in progress","January 17, 2024 2:46 PM","January 17, 2024 3:50 PM",DP
https://leetcode.com/problems/number-of-longest-increasing-subsequence/description/?envType=study-plan-v2&envId=dynamic-programming,"done, in progress, with help","January 17, 2024 3:52 PM","January 18, 2024 2:47 PM",Longest Increasing Subsequence
https://leetcode.com/problems/maximum-length-of-pair-chain/description/?envType=study-plan-v2&envId=dynamic-programming,"done, in progress","January 18, 2024 2:47 PM","January 18, 2024 3:30 PM","DP, Longest Increasing Subsequence"
https://leetcode.com/problems/longest-arithmetic-subsequence-of-given-difference/description/?envType=study-plan-v2&envId=dynamic-programming,"done, in progress, with help","January 18, 2024 3:30 PM","January 18, 2024 4:45 PM","DP, Longest Increasing Subsequence"
https://leetcode.com/problems/longest-arithmetic-subsequence/description/?envType=study-plan-v2&envId=dynamic-programming,"done, in progress","January 18, 2024 4:45 PM","January 19, 2024 11:29 AM","DP, Longest Increasing Subsequence"
https://leetcode.com/problems/russian-doll-envelopes/description/?envType=study-plan-v2&envId=dynamic-programming,"done, in progress","January 19, 2024 11:46 AM","January 19, 2024 4:53 PM","DP, Longest Increasing Subsequence"
"bisect 모듈 ","done, tools🛠️","January 19, 2024 12:03 PM","January 22, 2024 2:18 PM",
https://leetcode.com/problems/find-the-longest-valid-obstacle-course-at-each-position/?envType=study-plan-v2&envId=dynamic-programming,"done, in progress","January 22, 2024 11:31 AM","January 22, 2024 3:45 PM","DP, Longest Increasing Subsequence"
https://leetcode.com/problems/uncrossed-lines/,"done, in progress","January 22, 2024 3:46 PM","January 22, 2024 4:55 PM","DP, Longest Common Subsequence"
https://leetcode.com/problems/minimum-insertion-steps-to-make-a-string-palindrome/,"done, in progress","January 22, 2024 4:57 PM","January 22, 2024 5:17 PM","DP, Longest Common Subsequence"
https://leetcode.com/problems/unique-binary-search-trees/description/?envType=study-plan-v2&envId=dynamic-programming,"done, in progress","January 22, 2024 5:18 PM","January 22, 2024 5:48 PM","DP, On Trees"
https://leetcode.com/problems/unique-binary-search-trees-ii/description/?envType=study-plan-v2&envId=dynamic-programming,"done, in progress","January 22, 2024 5:49 PM","January 23, 2024 11:58 AM","DP, On Trees"
https://leetcode.com/problems/house-robber-iii/?envType=study-plan-v2&envId=dynamic-programming,"done, in progress, 🏋️‍♀️","January 23, 2024 1:44 PM","January 23, 2024 4:51 PM","DP, On Trees"
https://leetcode.com/problems/binary-tree-maximum-path-sum/description/?envType=study-plan-v2&envId=dynamic-programming,"done, in progress, 🏋️‍♀️","January 23, 2024 5:24 PM","January 24, 2024 2:01 PM","DP, On Trees"
279. Perfect Squares,"done, in progress","January 24, 2024 2:02 PM","January 24, 2024 3:27 PM","DP, Knapsack"
https://leetcode.com/problems/ones-and-zeroes/description/?envType=study-plan-v2&envId=dynamic-programming,"done, in progress, with help, 🏋️‍♀️","January 24, 2024 3:30 PM","January 24, 2024 6:18 PM","DP, Knapsack"
https://leetcode.com/problems/maximum-value-of-k-coins-from-piles/description/?envType=study-plan-v2&envId=dynamic-programming,"done, in progress, with help, 🏋️‍♀️","January 24, 2024 6:39 PM","January 26, 2024 5:56 PM",DP
https://leetcode.com/problems/longest-palindromic-substring/description/?envType=study-plan-v2&envId=dynamic-programming,"done, in progress, incomplete, with help, 🏋️‍♀️","January 26, 2024 7:07 PM","January 27, 2024 7:32 PM","DP, On Strings"
https://leetcode.com/problems/maximum-profit-in-job-scheduling/description/,"done, in progress, with help","January 27, 2024 7:36 PM","January 29, 2024 11:06 PM",DP
https://leetcode.com/problems/shortest-path-visiting-all-nodes/description/,"no idea 🤷‍♀️, 🏋️‍♀️","January 30, 2024 9:33 AM","January 30, 2024 4:25 PM","BFS, DP"
https://leetcode.com/problems/partition-equal-subset-sum/,"done, in progress","January 30, 2024 4:44 PM","January 30, 2024 5:59 PM","DP, Knapsack"
https://leetcode.com/problems/integer-break/description/,"done, in progress","January 31, 2024 9:26 AM","January 31, 2024 1:32 PM",DP
https://leetcode.com/problems/string-compression-ii/description/,"done, in progress, with help, 🏋️‍♀️","January 31, 2024 1:37 PM","January 31, 2024 4:52 PM",DP
https://leetcode.com/problems/minimum-one-bit-operations-to-make-integers-zero/description/,"done, in progress, with help, 🏋️‍♀️","January 31, 2024 4:52 PM","February 1, 2024 11:52 AM","DP, 🧱"
https://leetcode.com/problems/knight-dialer/description/,"done, in progress","February 1, 2024 11:52 AM","February 1, 2024 2:07 PM",DP
https://leetcode.com/problems/number-of-music-playlists/description/,"done, in progress, with help","February 1, 2024 2:06 PM","February 1, 2024 3:43 PM",DP
https://leetcode.com/problems/longest-non-decreasing-subarray-from-two-arrays/description/,"in progress, incomplete, 👀1","February 1, 2024 3:43 PM","February 1, 2024 4:59 PM",DP
https://leetcode.com/problems/max-dot-product-of-two-subsequences/description/,in progress,"February 1, 2024 4:59 PM","February 1, 2024 5:58 PM",DP
https://leetcode.com/problems/partition-array-into-two-arrays-to-minimize-sum-difference/description/,"done, in progress, with help, 🏋️‍♀️","February 2, 2024 9:57 AM","February 2, 2024 5:23 PM",DP
https://leetcode.com/problems/longest-string-chain/description/,"done, in progress","February 2, 2024 5:23 PM","February 2, 2024 9:55 PM",DP
https://leetcode.com/problems/jump-game/description/,"done, in progress","February 3, 2024 11:13 AM","February 3, 2024 11:52 AM",DP
https://leetcode.com/problems/best-time-to-buy-and-sell-stock-ii/description/,"done, in progress","February 3, 2024 11:53 AM","February 3, 2024 12:07 PM",DP
https://leetcode.com/problems/champagne-tower/description/,"done, in progress, with help","February 3, 2024 12:08 PM","February 4, 2024 5:26 PM",DP
https://leetcode.com/problems/arithmetic-slices-ii-subsequence/description/,"done, in progress, with help, 🏋️‍♀️","February 4, 2024 5:26 PM","February 5, 2024 10:44 AM",DP
https://leetcode.com/problems/binary-trees-with-factors/description/,"done, in progress","February 5, 2024 11:21 AM","February 5, 2024 1:51 PM",DP
https://leetcode.com/problems/number-of-unique-good-subsequences/description/,in progress,"February 5, 2024 1:52 PM","February 7, 2024 2:19 PM",DP
https://leetcode.com/problems/distinct-subsequences-ii/,"done, in progress, with help, 🏋️‍♀️","February 5, 2024 3:52 PM","February 5, 2024 5:34 PM",DP
"MST vs. floyd-warshall ",algorithm,"February 7, 2024 4:34 PM","February 7, 2024 4:34 PM","DP, graph"
Bellman-Ford negative cycle check,algorithm,"February 7, 2024 6:12 PM","February 7, 2024 6:13 PM",graph
Dijkstra vs. Bellman-Ford,algorithm,"February 7, 2024 6:16 PM","February 7, 2024 6:16 PM",graph
DP Essentials,,"February 7, 2024 6:25 PM","February 7, 2024 6:26 PM",
https://leetcode.com/problems/k-inverse-pairs-array/description/,"done, in progress, incomplete, no idea 🤷‍♀️, 🏋️‍♀️","February 7, 2024 10:59 PM","February 13, 2024 8:51 PM",DP
Dijkstra vs. Floyd-Warshall,algorithm,"February 8, 2024 8:21 PM","February 8, 2024 8:21 PM",graph
https://leetcode.com/problems/sum-of-subarray-minimums/description/,"in progress, 🏋️‍♀️","February 9, 2024 10:08 PM","February 13, 2024 12:07 PM",DP
https://leetcode.com/problems/extra-characters-in-a-string/description/,"done, in progress","February 14, 2024 2:58 PM","February 14, 2024 3:36 PM",DP
https://leetcode.com/problems/minimum-operations-to-reduce-an-integer-to-0/description/,"done, in progress","February 14, 2024 3:36 PM","February 14, 2024 6:26 PM",DP
https://leetcode.com/problems/number-of-ways-to-stay-in-the-same-place-after-some-steps/description/,"done, in progress","February 14, 2024 6:28 PM","February 15, 2024 4:25 PM",DP
https://leetcode.com/problems/count-all-valid-pickup-and-delivery-options/description/,"done, in progress","February 15, 2024 4:52 PM","February 15, 2024 5:14 PM",DP
https://leetcode.com/problems/constrained-subsequence-sum/description/,"done, in progress, 🏋️‍♀️","February 15, 2024 5:17 PM","February 19, 2024 10:26 AM",DP
Elements of Programming Interviews,Book,"February 19, 2024 10:32 AM","February 20, 2024 12:42 PM",
https://leetcode.com/problems/spiral-matrix-ii,"done, in progress","February 19, 2024 11:44 AM","February 19, 2024 12:44 PM",matrix
https://leetcode.com/problems/palindromic-substrings,"done, in progress","February 21, 2024 11:44 AM","February 22, 2024 6:02 PM",DP
https://leetcode.com/problems/largest-divisible-subset/description/,"done, in progress","February 22, 2024 6:02 PM","February 22, 2024 6:37 PM",DP
https://leetcode.com/problems/longest-increasing-path-in-a-matrix/description/,"done, in progress","February 22, 2024 6:38 PM","February 25, 2024 7:24 AM",DP
https://leetcode.com/problems/out-of-boundary-paths/description/,"done, in progress","February 26, 2024 6:05 PM","February 26, 2024 7:03 PM",DP
https://leetcode.com/problems/maximum-product-subarray/description/,"done, in progress, 👀1","February 26, 2024 10:24 PM","February 26, 2024 10:55 PM",DP
https://leetcode.com/problems/longest-valid-parentheses/description/,"in progress, 🏋️‍♀️","February 26, 2024 10:55 PM","February 27, 2024 2:12 PM",DP
https://leetcode.com/problems/reverse-linked-list-ii/description/,"done, in progress","February 28, 2024 12:02 PM","February 28, 2024 12:07 PM",Linked list
https://leetcode.com/problems/longest-subarray-of-1s-after-deleting-one-element/description/,"done, in progress","February 28, 2024 12:12 PM","February 28, 2024 12:25 PM",DP
https://leetcode.com/problems/numbers-with-repeated-digits/description/,"done, in progress","March 6, 2024 2:11 PM","March 7, 2024 5:45 PM",DP
https://leetcode.com/problems/kth-largest-element-in-an-array/description/,in progress,"March 7, 2024 1:34 PM","March 8, 2024 10:23 PM",sort
https://leetcode.com/problems/jump-game-ii/description/,"done, in progress","March 8, 2024 10:24 PM","March 9, 2024 12:03 AM",DP
https://leetcode.com/problems/word-break-ii/description/,"done, in progress","March 11, 2024 11:16 AM","March 11, 2024 11:50 AM",DP
https://leetcode.com/problems/cherry-pickup-ii/description/,"done, in progress","March 12, 2024 11:58 AM","March 12, 2024 1:37 PM",DP
https://leetcode.com/problems/poor-pigs/description/,"done, in progress","March 12, 2024 1:37 PM","March 15, 2024 1:40 PM",DP
https://leetcode.com/problems/largest-sum-of-averages/description/,"done, in progress","March 15, 2024 1:41 PM","March 15, 2024 3:41 PM",DP
https://leetcode.com/problems/video-stitching/description/,"done, in progress","March 15, 2024 3:41 PM","March 15, 2024 4:12 PM",DP
https://leetcode.com/problems/minimum-falling-path-sum-ii/description/,"done, in progress","March 15, 2024 4:12 PM","March 15, 2024 4:57 PM",DP
https://school.programmers.co.kr/learn/courses/30/lessons/72416,in progress,"March 21, 2024 12:16 PM","March 21, 2024 6:30 PM",Programmers
"https://school.programmers.co.kr/learn/courses/30/lessons/92343 ","done, in progress","March 21, 2024 6:29 PM","March 22, 2024 2:18 PM",Programmers
https://leetcode.com/problems/minimum-number-of-refueling-stops/description/,,"March 26, 2024 5:33 PM","March 26, 2024 5:33 PM",
https://school.programmers.co.kr/learn/courses/30/lessons/42862,done,"April 1, 2024 2:09 PM","April 1, 2024 2:20 PM","Programmers, greedy"
"https://school.programmers.co.kr/learn/courses/30/lessons/42883 ","done, in progress","April 1, 2024 2:20 PM","April 1, 2024 3:29 PM","Programmers, greedy"
https://school.programmers.co.kr/learn/courses/30/lessons/42860,"in progress, 🏋️‍♀️","April 1, 2024 3:36 PM","April 1, 2024 5:28 PM","Programmers, greedy"
https://school.programmers.co.kr/learn/courses/30/lessons/42885,done,"April 2, 2024 10:59 AM","April 2, 2024 2:29 PM","Programmers, greedy"
https://school.programmers.co.kr/learn/courses/30/lessons/42577,"done, in progress","April 2, 2024 2:06 PM","April 2, 2024 2:28 PM","Programmers, hash"
https://school.programmers.co.kr/learn/courses/30/lessons/42578,done,"April 2, 2024 2:28 PM","April 2, 2024 2:30 PM","Programmers, hash"
https://school.programmers.co.kr/learn/courses/30/lessons/42747,"done, in progress, 🏋️‍♀️","April 3, 2024 11:02 AM","April 3, 2024 1:40 PM","Programmers, sort"
https://school.programmers.co.kr/learn/courses/30/lessons/42586,"done, in progress","April 3, 2024 1:40 PM","April 3, 2024 2:09 PM","Programmers, stack"
https://school.programmers.co.kr/learn/courses/30/lessons/84512,in progress,"April 3, 2024 2:09 PM","April 3, 2024 2:49 PM","BruteForce, Programmers"
SQL,,"April 4, 2024 10:56 AM","April 4, 2024 2:30 PM",
"https://swexpertacademy.com/main/code/problem/problemDetail.do?problemLevel=4&contestProbId=AY2hmhc6cSsDFATh&categoryId=AY2hmhc6cSsDFATh&categoryType=CODE&problemTitle=&orderBy=FIRST_REG_DATETIME&selectCodeLang=ALL&select-1=4&pageSize=10&pageIndex=1 ",GG,"April 4, 2024 8:20 PM","April 5, 2024 11:36 AM",SWEA
"https://swexpertacademy.com/main/code/problem/problemSolver.do?contestProbId=AWNcJ2sapZMDFAV8 ",,"April 4, 2024 11:46 PM","April 5, 2024 2:03 PM",
https://swexpertacademy.com/main/code/problem/problemDetail.do?problemLevel=4&contestProbId=AV15QRX6APsCFAYD&categoryId=AV15QRX6APsCFAYD&categoryType=CODE&problemTitle=&orderBy=RECOMMEND_COUNT&selectCodeLang=ALL&select-1=4&pageSize=10&pageIndex=1,,"April 5, 2024 2:05 PM","April 5, 2024 2:52 PM",
https://swexpertacademy.com/main/code/problem/problemDetail.do?problemLevel=4&contestProbId=AWHPkqBqAEsDFAUn&categoryId=AWHPkqBqAEsDFAUn&categoryType=CODE&problemTitle=&orderBy=RECOMMEND_COUNT&selectCodeLang=ALL&select-1=4&pageSize=10&pageIndex=1,,"April 5, 2024 2:52 PM","April 5, 2024 3:43 PM",
https://swexpertacademy.com/main/code/problem/problemDetail.do?problemLevel=4&contestProbId=AV7I5fgqEogDFAXB&categoryId=AV7I5fgqEogDFAXB&categoryType=CODE&problemTitle=&orderBy=RECOMMEND_COUNT&selectCodeLang=ALL&select-1=4&pageSize=10&pageIndex=1,,"April 5, 2024 3:44 PM","April 5, 2024 4:12 PM",
https://swexpertacademy.com/main/code/problem/problemDetail.do?problemLevel=4&contestProbId=AV14ABYKADACFAYh&categoryId=AV14ABYKADACFAYh&categoryType=CODE&problemTitle=&orderBy=RECOMMEND_COUNT&selectCodeLang=ALL&select-1=4&pageSize=10&pageIndex=1,,"April 5, 2024 4:13 PM","April 5, 2024 4:46 PM",
https://swexpertacademy.com/main/code/problem/problemDetail.do?problemLevel=4&contestProbId=AV14vXUqAGMCFAYD&categoryId=AV14vXUqAGMCFAYD&categoryType=CODE&problemTitle=&orderBy=RECOMMEND_COUNT&selectCodeLang=ALL&select-1=4&pageSize=10&pageIndex=1,,"April 5, 2024 4:46 PM","April 5, 2024 5:07 PM",
https://swexpertacademy.com/main/code/problem/problemDetail.do?problemLevel=4&contestProbId=AV4yLUiKDUoDFAUx&categoryId=AV4yLUiKDUoDFAUx&categoryType=CODE&problemTitle=&orderBy=RECOMMEND_COUNT&selectCodeLang=ALL&select-1=4&pageSize=10&pageIndex=1,,"April 5, 2024 5:11 PM","April 6, 2024 4:46 PM",
https://swexpertacademy.com/main/code/problem/problemDetail.do?contestProbId=AV5LwsHaD1MDFAXc,,"April 6, 2024 10:03 PM","April 7, 2024 3:58 PM",
https://swexpertacademy.com/main/code/problem/problemDetail.do?problemLevel=4&contestProbId=AV5LtJYKDzsDFAXc&categoryId=AV5LtJYKDzsDFAXc&categoryType=CODE&problemTitle=&orderBy=RECOMMEND_COUNT&selectCodeLang=ALL&select-1=4&pageSize=10&pageIndex=1,,"April 7, 2024 11:04 AM","April 7, 2024 4:15 PM",
https://swexpertacademy.com/main/code/problem/problemDetail.do?problemLevel=4&contestProbId=AV15B1cKAKwCFAYD&categoryId=AV15B1cKAKwCFAYD&categoryType=CODE&problemTitle=&orderBy=RECOMMEND_COUNT&selectCodeLang=ALL&select-1=4&pageSize=10&pageIndex=1,,"April 7, 2024 4:53 PM","April 7, 2024 9:35 PM",
https://swexpertacademy.com/main/code/problem/problemDetail.do?problemLevel=4&contestProbId=AV15StKqAQkCFAYD&categoryId=AV15StKqAQkCFAYD&categoryType=CODE&problemTitle=&orderBy=RECOMMEND_COUNT&selectCodeLang=ALL&select-1=4&pageSize=10&pageIndex=1,,"April 7, 2024 9:35 PM","April 7, 2024 10:34 PM",
https://swexpertacademy.com/main/code/problem/problemDetail.do?problemLevel=4&problemLevel=5&contestProbId=AV15OZ4qAPICFAYD&categoryId=AV15OZ4qAPICFAYD&categoryType=CODE&problemTitle=&orderBy=RECOMMEND_COUNT&selectCodeLang=ALL&select-1=5&pageSize=10&pageIndex=1,,"April 8, 2024 10:31 AM","April 8, 2024 2:40 PM",
https://swexpertacademy.com/main/code/problem/problemDetail.do?problemLevel=4&problemLevel=5&contestProbId=AWAe7XSKfUUDFAUw&categoryId=AWAe7XSKfUUDFAUw&categoryType=CODE&problemTitle=&orderBy=RECOMMEND_COUNT&selectCodeLang=ALL&select-1=5&pageSize=10&pageIndex=2,,"April 8, 2024 2:40 PM","April 8, 2024 4:45 PM",
https://swexpertacademy.com/main/code/problem/problemDetail.do?problemLevel=4&problemLevel=5&contestProbId=AV2b7Yf6ABcBBASw&categoryId=AV2b7Yf6ABcBBASw&categoryType=CODE&problemTitle=&orderBy=RECOMMEND_COUNT&selectCodeLang=ALL&select-1=5&pageSize=10&pageIndex=2,,"April 8, 2024 4:53 PM","April 8, 2024 5:15 PM",
https://swexpertacademy.com/main/code/problem/problemDetail.do?problemLevel=4&problemLevel=5&contestProbId=AV14geLqABQCFAYD&categoryId=AV14geLqABQCFAYD&categoryType=CODE&problemTitle=&orderBy=RECOMMEND_COUNT&selectCodeLang=ALL&select-1=5&pageSize=10&pageIndex=2,,"April 8, 2024 5:19 PM","April 8, 2024 5:34 PM",
https://swexpertacademy.com/main/code/problem/problemDetail.do?problemLevel=4&problemLevel=5&contestProbId=AWFPoj1qANoDFAV0&categoryId=AWFPoj1qANoDFAV0&categoryType=CODE&problemTitle=&orderBy=RECOMMEND_COUNT&selectCodeLang=ALL&select-1=5&pageSize=10&pageIndex=2,,"April 8, 2024 5:35 PM","April 9, 2024 3:25 PM",
https://swexpertacademy.com/main/code/problem/problemDetail.do?problemLevel=4&problemLevel=5&problemLevel=6&contestProbId=AV5LnipaDvwDFAXc&categoryId=AV5LnipaDvwDFAXc&categoryType=CODE&problemTitle=&orderBy=RECOMMEND_COUNT&selectCodeLang=ALL&select-1=6&pageSize=10&pageIndex=2,,"April 9, 2024 5:00 PM","April 11, 2024 3:36 PM",
https://swexpertacademy.com/main/code/problem/problemDetail.do?problemLevel=4&problemLevel=5&problemLevel=6&contestProbId=AV15JEKKAM8CFAYD&categoryId=AV15JEKKAM8CFAYD&categoryType=CODE&problemTitle=&orderBy=RECOMMEND_COUNT&selectCodeLang=ALL&select-1=6&pageSize=10&pageIndex=2,,"April 11, 2024 3:38 PM","April 11, 2024 5:27 PM",
https://swexpertacademy.com/main/code/problem/problemDetail.do?problemLevel=4&problemLevel=5&problemLevel=6&contestProbId=AV15PTkqAPYCFAYD&categoryId=AV15PTkqAPYCFAYD&categoryType=CODE&problemTitle=&orderBy=RECOMMEND_COUNT&selectCodeLang=ALL&select-1=6&pageSize=10&pageIndex=2,,"April 11, 2024 5:27 PM","April 12, 2024 12:09 AM",
"SW 문제해결 심화 ",,"April 18, 2024 4:13 PM","April 23, 2024 1:10 PM",
https://swexpertacademy.com/main/learn/course/lectureProblemViewer.do,,"April 18, 2024 5:07 PM","April 18, 2024 7:04 PM",
https://swexpertacademy.com/main/learn/course/lectureProblemViewer.do,,"April 18, 2024 7:06 PM","April 18, 2024 9:19 PM",
https://swexpertacademy.com/main/learn/course/lectureProblemViewer.do,,"April 18, 2024 9:20 PM","April 21, 2024 10:20 AM",
https://swexpertacademy.com/main/learn/course/lectureProblemViewer.do,,"April 21, 2024 10:21 AM","April 21, 2024 10:29 AM",
https://swexpertacademy.com/main/code/problem/problemDetail.do?problemLevel=4&problemLevel=5&problemLevel=6&contestProbId=AV15MeBKAOgCFAYD&categoryId=AV15MeBKAOgCFAYD&categoryType=CODE&problemTitle=&orderBy=RECOMMEND_COUNT&selectCodeLang=ALL&select-1=6&pageSize=10&pageIndex=3,,"April 23, 2024 3:09 PM","April 23, 2024 4:38 PM",
https://swexpertacademy.com/main/code/problem/problemDetail.do?problemLevel=4&problemLevel=5&problemLevel=6&contestProbId=AV14wL9KAGkCFAYD&categoryId=AV14wL9KAGkCFAYD&categoryType=CODE&problemTitle=&orderBy=RECOMMEND_COUNT&selectCodeLang=ALL&select-1=6&pageSize=10&pageIndex=3,,"April 23, 2024 4:39 PM","April 23, 2024 5:21 PM",
https://swexpertacademy.com/main/code/problem/problemDetail.do?problemLevel=4&problemLevel=5&problemLevel=6&contestProbId=AWngfZVa9XwDFAQU&categoryId=AWngfZVa9XwDFAQU&categoryType=CODE&problemTitle=&orderBy=RECOMMEND_COUNT&selectCodeLang=ALL&select-1=6&pageSize=10&pageIndex=3,,"April 23, 2024 5:21 PM","April 23, 2024 6:44 PM",
https://swexpertacademy.com/main/code/problem/problemDetail.do?problemLevel=4&problemLevel=5&problemLevel=6&contestProbId=AV_6pTXqsXUDFAWS&categoryId=AV_6pTXqsXUDFAWS&categoryType=CODE&problemTitle=&orderBy=RECOMMEND_COUNT&selectCodeLang=ALL&select-1=6&pageSize=10&pageIndex=3,,"April 24, 2024 3:41 PM","April 24, 2024 7:26 PM",
"https://swexpertacademy.com/main/code/problem/problemDetail.do?problemLevel=4&problemLevel=5&problemLevel=6&contestProbId=AV5LeQJqDpwDFAXc&categoryId=AV5LeQJqDpwDFAXc&categoryType=CODE&problemTitle=&orderBy=RECOMMEND_COUNT&selectCodeLang=ALL&select-1=6&pageSize=10&pageIndex=3 ",,"April 26, 2024 10:45 AM","April 29, 2024 3:34 PM",
https://swexpertacademy.com/main/code/problem/problemDetail.do?contestProbId=AY7rAs0q3LUDFAWU&categoryId=AY7rAs0q3LUDFAWU&categoryType=CODE&problemTitle=&orderBy=FIRST_REG_DATETIME&selectCodeLang=ALL&select-1=&pageSize=10&pageIndex=1,,"April 28, 2024 2:39 PM","April 29, 2024 11:36 AM",
https://swexpertacademy.com/main/code/problem/problemDetail.do?problemLevel=4&problemLevel=5&problemLevel=6&contestProbId=AWVl47b6DGMDFAXm&categoryId=AWVl47b6DGMDFAXm&categoryType=CODE&problemTitle=&orderBy=RECOMMEND_COUNT&selectCodeLang=ALL&select-1=6&pageSize=10&pageIndex=3,,"April 29, 2024 3:35 PM","April 29, 2024 4:36 PM",
https://swexpertacademy.com/main/code/problem/problemDetail.do?problemLevel=4&problemLevel=5&problemLevel=6&contestProbId=AV14tDX6AFgCFAYD&categoryId=AV14tDX6AFgCFAYD&categoryType=CODE&problemTitle=&orderBy=RECOMMEND_COUNT&selectCodeLang=ALL&select-1=6&pageSize=10&pageIndex=3,,"April 29, 2024 4:42 PM","April 29, 2024 6:23 PM",
https://swexpertacademy.com/main/code/problem/problemDetail.do?problemLevel=4&problemLevel=5&problemLevel=6&contestProbId=AV14eWb6AAkCFAYD&categoryId=AV14eWb6AAkCFAYD&categoryType=CODE&problemTitle=&orderBy=RECOMMEND_COUNT&selectCodeLang=ALL&select-1=6&pageSize=10&pageIndex=3,,"April 29, 2024 6:24 PM","April 29, 2024 6:42 PM",
https://swexpertacademy.com/main/code/problem/problemDetail.do?problemLevel=4&problemLevel=5&problemLevel=6&contestProbId=AV140YnqAIECFAYD&categoryId=AV140YnqAIECFAYD&categoryType=CODE&problemTitle=&orderBy=RECOMMEND_COUNT&selectCodeLang=ALL&select-1=6&pageSize=10&pageIndex=3,,"April 30, 2024 11:01 AM","April 30, 2024 11:20 AM",
https://swexpertacademy.com/main/code/problem/problemDetail.do?problemLevel=4&problemLevel=5&problemLevel=6&contestProbId=AWQl9TIK8qoDFAXj&categoryId=AWQl9TIK8qoDFAXj&categoryType=CODE&problemTitle=&orderBy=RECOMMEND_COUNT&selectCodeLang=ALL&select-1=6&pageSize=10&pageIndex=4,🏋️‍♀️,"April 30, 2024 11:20 AM","April 30, 2024 3:58 PM",
https://swexpertacademy.com/main/code/problem/problemDetail.do?problemLevel=4&problemLevel=5&problemLevel=6&contestProbId=AV5LuHfqDz8DFAXc&categoryId=AV5LuHfqDz8DFAXc&categoryType=CODE&problemTitle=&orderBy=RECOMMEND_COUNT&selectCodeLang=ALL&select-1=6&pageSize=10&pageIndex=4,,"April 30, 2024 4:23 PM","May 1, 2024 10:31 AM",
"4/12 검정 문제 ",,"May 1, 2024 10:32 AM","May 1, 2024 11:10 AM",DP
https://swexpertacademy.com/main/code/problem/problemDetail.do?problemLevel=4&problemLevel=5&problemLevel=6&contestProbId=AV4yC3pqCegDFAUx&categoryId=AV4yC3pqCegDFAUx&categoryType=CODE&problemTitle=&orderBy=RECOMMEND_COUNT&selectCodeLang=ALL&select-1=6&pageSize=10&pageIndex=4,,"May 1, 2024 3:12 PM","May 2, 2024 9:50 AM",
https://swexpertacademy.com/main/code/problem/problemDetail.do?problemLevel=4&problemLevel=5&problemLevel=6&contestProbId=AV2b_WPaAEIBBASw&categoryId=AV2b_WPaAEIBBASw&categoryType=CODE&problemTitle=&orderBy=RECOMMEND_COUNT&selectCodeLang=ALL&select-1=6&pageSize=10&pageIndex=4,,"May 1, 2024 5:19 PM","May 2, 2024 10:01 AM",
https://swexpertacademy.com/main/code/problem/problemDetail.do?problemLevel=4&problemLevel=5&problemLevel=6&contestProbId=AV18LoAqItcCFAZN&categoryId=AV18LoAqItcCFAZN&categoryType=CODE&problemTitle=&orderBy=RECOMMEND_COUNT&selectCodeLang=ALL&select-1=6&pageSize=10&pageIndex=4,,"May 2, 2024 10:03 AM","May 2, 2024 3:00 PM",
https://swexpertacademy.com/main/code/problem/problemDetail.do?problemLevel=4&problemLevel=5&problemLevel=6&contestProbId=AV141J8KAIcCFAYD&categoryId=AV141J8KAIcCFAYD&categoryType=CODE&problemTitle=&orderBy=RECOMMEND_COUNT&selectCodeLang=ALL&select-1=6&pageSize=10&pageIndex=4,,"May 2, 2024 3:00 PM","May 2, 2024 5:15 PM",
https://swexpertacademy.com/main/code/problem/problemDetail.do?problemLevel=4&problemLevel=5&problemLevel=6&contestProbId=AXNQOb3avD0DFAXS&categoryId=AXNQOb3avD0DFAXS&categoryType=CODE&problemTitle=&orderBy=RECOMMEND_COUNT&selectCodeLang=ALL&select-1=6&pageSize=10&pageIndex=4,,"May 2, 2024 5:16 PM","May 3, 2024 11:28 AM",
늘 헷갈리는 이진탐색 경계 설정,,"May 2, 2024 10:31 PM","May 3, 2024 3:20 PM",
https://swexpertacademy.com/main/code/problem/problemDetail.do?problemLevel=4&problemLevel=5&problemLevel=6&contestProbId=AV14BgD6AEECFAYh&categoryId=AV14BgD6AEECFAYh&categoryType=CODE&problemTitle=%EA%B8%B0%EB%B3%B8&orderBy=SUBMIT_COUNT&selectCodeLang=ALL&select-1=6&pageSize=10&pageIndex=1,,"May 3, 2024 3:58 PM","May 3, 2024 5:26 PM",
https://swexpertacademy.com/main/code/problem/problemDetail.do?problemLevel=4&problemLevel=5&problemLevel=6&contestProbId=AV141176AIwCFAYD&categoryId=AV141176AIwCFAYD&categoryType=CODE&problemTitle=%EA%B8%B0%EB%B3%B8&orderBy=SUBMIT_COUNT&selectCodeLang=ALL&select-1=6&pageSize=10&pageIndex=1,,"May 3, 2024 5:30 PM","May 3, 2024 10:33 PM",
https://swexpertacademy.com/main/code/problem/problemDetail.do?problemLevel=4&problemLevel=5&problemLevel=6&contestProbId=AV14nnAaAFACFAYD&categoryId=AV14nnAaAFACFAYD&categoryType=CODE&problemTitle=%EA%B8%B0%EB%B3%B8&orderBy=FIRST_REG_DATETIME&selectCodeLang=ALL&select-1=6&pageSize=10&pageIndex=1,,"May 4, 2024 9:19 AM","May 4, 2024 9:49 AM",
https://swexpertacademy.com/main/code/problem/problemDetail.do?problemLevel=4&problemLevel=5&problemLevel=6&contestProbId=AV15Tx9aARECFAYD&categoryId=AV15Tx9aARECFAYD&categoryType=CODE&problemTitle=%EC%9D%91%EC%9A%A9&orderBy=FIRST_REG_DATETIME&selectCodeLang=ALL&select-1=6&pageSize=10&pageIndex=2,,"May 4, 2024 10:12 AM","May 5, 2024 9:53 AM",
https://swexpertacademy.com/main/code/problem/problemDetail.do?problemLevel=4&problemLevel=5&problemLevel=6&contestProbId=AV18GHd6IskCFAZN&categoryId=AV18GHd6IskCFAZN&categoryType=CODE&problemTitle=%EC%9D%91%EC%9A%A9&orderBy=FIRST_REG_DATETIME&selectCodeLang=ALL&select-1=6&pageSize=10&pageIndex=2,,"May 5, 2024 10:36 AM","May 5, 2024 11:05 AM",
"https://swexpertacademy.com/main/code/problem/problemDetail.do?problemLevel=4&problemLevel=5&problemLevel=6&contestProbId=AV18KWf6ItECFAZN&categoryId=AV18KWf6ItECFAZN&categoryType=CODE&problemTitle=%EC%9D%91%EC%9A%A9&orderBy=FIRST_REG_DATETIME&selectCodeLang=ALL&select-1=6&pageSize=10&pageIndex=1 ",,"May 5, 2024 11:07 AM","May 6, 2024 9:03 PM",
https://swexpertacademy.com/main/code/problem/problemDetail.do?problemLevel=4&problemLevel=5&problemLevel=6&contestProbId=AV18NaZqIt8CFAZN&categoryId=AV18NaZqIt8CFAZN&categoryType=CODE&problemTitle=%EC%9D%91%EC%9A%A9&orderBy=FIRST_REG_DATETIME&selectCodeLang=ALL&select-1=6&pageSize=10&pageIndex=1,,"May 6, 2024 9:25 PM","May 6, 2024 9:55 PM",
https://swexpertacademy.com/main/code/problem/problemDetail.do?contestProbId=AV18OR16IuUCFAZN&categoryId=AV18OR16IuUCFAZN&categoryType=CODE&problemTitle=%EC%9D%91%EC%9A%A9&orderBy=FIRST_REG_DATETIME&selectCodeLang=ALL&select-1=&pageSize=10&pageIndex=1,,"May 6, 2024 9:56 PM","May 8, 2024 3:58 PM",
https://swexpertacademy.com/main/code/problem/problemDetail.do?problemLevel=4&problemLevel=5&problemLevel=6&contestProbId=AV18Q_MqIvUCFAZN&categoryId=AV18Q_MqIvUCFAZN&categoryType=CODE&problemTitle=응용&orderBy=FIRST_REG_DATETIME&selectCodeLang=ALL&select-1=6&pageSize=10&pageIndex=1,,"May 8, 2024 4:39 PM","May 8, 2024 5:01 PM",
https://swexpertacademy.com/main/code/problem/problemDetail.do?problemLevel=4&problemLevel=5&problemLevel=6&contestProbId=AV18R8FKIvoCFAZN&categoryId=AV18R8FKIvoCFAZN&categoryType=CODE&problemTitle=응용&orderBy=FIRST_REG_DATETIME&selectCodeLang=ALL&select-1=6&pageSize=10&pageIndex=1,,"May 8, 2024 5:02 PM","May 8, 2024 5:21 PM",
https://swexpertacademy.com/main/code/problem/problemDetail.do?problemLevel=4&problemLevel=5&problemLevel=6&contestProbId=AV18Sx36IwACFAZN&categoryId=AV18Sx36IwACFAZN&categoryType=CODE&problemTitle=응용&orderBy=FIRST_REG_DATETIME&selectCodeLang=ALL&select-1=6&pageSize=10&pageIndex=1,,"May 8, 2024 5:22 PM","May 9, 2024 3:25 PM",
https://swexpertacademy.com/main/code/problem/problemDetail.do?contestProbId=AV18TrIqIwUCFAZN&categoryId=AV18TrIqIwUCFAZN&categoryType=CODE&problemTitle=%EC%9D%91%EC%9A%A9&orderBy=FIRST_REG_DATETIME&selectCodeLang=ALL&select-1=&pageSize=10&pageIndex=1,,"May 9, 2024 3:26 PM","May 9, 2024 3:58 PM",
https://swexpertacademy.com/main/code/problem/problemDetail.do?contestProbId=AV18U3f6Iw0CFAZN&categoryId=AV18U3f6Iw0CFAZN&categoryType=CODE&problemTitle=%EC%9D%91%EC%9A%A9&orderBy=FIRST_REG_DATETIME&selectCodeLang=ALL&select-1=&pageSize=10&pageIndex=1,,"May 9, 2024 4:00 PM","May 9, 2024 5:31 PM",
https://swexpertacademy.com/main/code/problem/problemDetail.do?problemLevel=4&problemLevel=5&problemLevel=6&contestProbId=AWXR1gOqiJgDFAUo&categoryId=AWXR1gOqiJgDFAUo&categoryType=CODE&problemTitle=professional&orderBy=FIRST_REG_DATETIME&selectCodeLang=ALL&select-1=6&pageSize=10&pageIndex=2,,"May 10, 2024 3:08 PM","May 13, 2024 2:36 PM",
https://swexpertacademy.com/main/code/problem/problemDetail.do?problemLevel=4&problemLevel=5&problemLevel=6&contestProbId=AWXRzHv6h_YDFAUo&categoryId=AWXRzHv6h_YDFAUo&categoryType=CODE&problemTitle=professional&orderBy=FIRST_REG_DATETIME&selectCodeLang=ALL&select-1=6&pageSize=10&pageIndex=2,,"May 13, 2024 2:36 PM","May 13, 2024 3:40 PM",
https://swexpertacademy.com/main/code/problem/problemDetail.do?problemLevel=4&problemLevel=5&problemLevel=6&contestProbId=AWXRtEcahc8DFAUo&categoryId=AWXRtEcahc8DFAUo&categoryType=CODE&problemTitle=professional&orderBy=FIRST_REG_DATETIME&selectCodeLang=ALL&select-1=6&pageSize=10&pageIndex=2,,"May 13, 2024 10:05 PM","May 14, 2024 1:18 AM",
https://swexpertacademy.com/main/code/problem/problemDetail.do?problemLevel=4&problemLevel=5&problemLevel=6&contestProbId=AV_mSnmKUckDFAWb&categoryId=AV_mSnmKUckDFAWb&categoryType=CODE&problemTitle=&orderBy=SUBMIT_COUNT&selectCodeLang=ALL&select-1=6&pageSize=10&pageIndex=1,,"May 14, 2024 3:09 PM","May 14, 2024 5:08 PM",
https://swexpertacademy.com/main/code/problem/problemDetail.do?problemLevel=4&problemLevel=5&problemLevel=6&contestProbId=AWsBQpPqMNMDFARG&categoryId=AWsBQpPqMNMDFARG&categoryType=CODE&problemTitle=&orderBy=SUBMIT_COUNT&selectCodeLang=ALL&select-1=6&pageSize=10&pageIndex=3,,"May 14, 2024 5:11 PM","May 14, 2024 5:56 PM",
https://swexpertacademy.com/main/code/problem/problemDetail.do?contestProbId=AXE0gpIa3dADFAVX&categoryId=AXE0gpIa3dADFAVX&categoryType=CODE&problemTitle=9780&orderBy=FIRST_REG_DATETIME&selectCodeLang=ALL&select-1=&pageSize=10&pageIndex=1,,"May 16, 2024 1:07 PM","May 16, 2024 2:11 PM",
https://swexpertacademy.com/main/code/problem/problemDetail.do?contestProbId=AWXQsLWKd5cDFAUo,,"May 16, 2024 2:13 PM","May 16, 2024 5:33 PM",
https://leetcode.com/problems/tallest-billboard/description/?envType=problem-list-v2&envId=50vif4uc,,"May 16, 2024 6:08 PM","May 17, 2024 2:43 PM",
https://leetcode.com/problems/2-keys-keyboard/description/?envType=problem-list-v2&envId=50vif4uc,,"May 17, 2024 2:51 PM","May 17, 2024 3:32 PM",
https://leetcode.com/problems/target-sum/description/?envType=problem-list-v2&envId=50vif4uc,,"May 17, 2024 3:33 PM","May 17, 2024 4:33 PM",
https://leetcode.com/problems/profitable-schemes/description/?envType=problem-list-v2&envId=50vif4uc,,"May 19, 2024 6:00 AM","May 19, 2024 6:21 PM",
https://leetcode.com/problems/pizza-with-3n-slices/description/?envType=problem-list-v2&envId=50vif4uc,,"May 19, 2024 6:23 PM","May 19, 2024 9:40 PM",
https://leetcode.com/problems/minimum-swaps-to-make-sequences-increasing/description/?envType=problem-list-v2&envId=50vif4uc,,"May 19, 2024 9:42 PM","May 19, 2024 10:49 PM",
https://leetcode.com/problems/best-team-with-no-conflicts/description/?envType=problem-list-v2&envId=50vif4uc,,"May 21, 2024 4:18 PM","May 21, 2024 5:29 PM",
https://leetcode.com/problems/house-robber-ii/description/?envType=problem-list-v2&envId=50vif4uc,,"May 21, 2024 5:29 PM","May 21, 2024 5:36 PM",
https://leetcode.com/problems/shopping-offers/description/?envType=problem-list-v2&envId=50vif4uc,,"May 21, 2024 5:37 PM","May 23, 2024 5:51 PM",
https://leetcode.com/problems/reducing-dishes/description/?envType=problem-list-v2&envId=50vif4uc,,"May 24, 2024 4:17 PM","May 24, 2024 9:02 PM",
점화식 관련 심화,,"May 24, 2024 6:23 PM","May 24, 2024 9:50 PM",
https://swexpertacademy.com/main/code/problem/problemDetail.do?problemLevel=6&contestProbId=AV4xuqCqBeUDFAUx&categoryId=AV4xuqCqBeUDFAUx&categoryType=CODE&problemTitle=&orderBy=SUBMIT_COUNT&selectCodeLang=ALL&select-1=6&pageSize=10&pageIndex=1,,"May 25, 2024 2:40 PM","May 25, 2024 3:27 PM",
그래프 맨날 헷갈리는 것들,,"May 25, 2024 3:14 PM","May 25, 2024 3:22 PM",
https://swexpertacademy.com/main/code/problem/problemDetail.do?problemLevel=6&contestProbId=AWkIn7-KBlQDFAXC&categoryId=AWkIn7-KBlQDFAXC&categoryType=CODE&problemTitle=&orderBy=SUBMIT_COUNT&selectCodeLang=ALL&select-1=6&pageSize=10&pageIndex=1,,"May 25, 2024 3:28 PM","May 25, 2024 10:40 PM",
https://gseok.gitbooks.io/algorithm/content/b124-d2b8-c6cc-d06c-d50c-b85c-c6b0/d3ec-b4dc-d480-cee4-c2a828-ford-fulkerson-c560-b4dc-baac-b4dc-ce74-d50428-edmonds-karp.html,,"May 25, 2024 9:30 PM","May 26, 2024 4:33 PM",
https://leetcode.com/problems/remove-boxes/description/?envType=problem-list-v2&envId=50vtr1g3,,"May 26, 2024 4:37 PM","May 27, 2024 7:35 PM",
https://leetcode.com/problems/burst-balloons/description/,,"May 27, 2024 7:37 PM","May 28, 2024 11:01 AM",
https://leetcode.com/problems/allocate-mailboxes/description/?envType=problem-list-v2&envId=50vtr1g3,,"May 28, 2024 11:02 AM","May 28, 2024 2:24 PM",
https://leetcode.com/problems/minimum-cost-to-cut-a-stick/description/?envType=problem-list-v2&envId=50vtr1g3,,"May 28, 2024 2:26 PM","May 29, 2024 6:00 PM",
https://leetcode.com/problems/last-stone-weight-ii/description/?envType=problem-list-v2&envId=50vtr1g3,,"May 30, 2024 4:44 PM","May 30, 2024 5:18 PM",
https://leetcode.com/problems/valid-permutations-for-di-sequence/description/?envType=problem-list-v2&envId=50vtr1g3,,"June 3, 2024 2:02 PM","June 11, 2024 1:26 PM",
https://leetcode.com/problems/minimum-cost-tree-from-leaf-values/description/?envType=problem-list-v2&envId=50vtr1g3,,"June 11, 2024 1:27 PM","June 12, 2024 10:19 PM",
https://leetcode.com/problems/strange-printer/description/?envType=problem-list-v2&envId=50vtr1g3,,"June 12, 2024 10:49 PM","June 15, 2024 11:03 AM",
https://leetcode.com/problems/stone-game/description/?envType=problem-list-v2&envId=50vtr1g3,,"June 15, 2024 2:26 PM","June 15, 2024 8:06 PM",
https://leetcode.com/problems/stone-game-vii/description/?envType=problem-list-v2&envId=50vtr1g3,,"June 15, 2024 3:46 PM","June 17, 2024 10:36 PM",
https://leetcode.com/problems/stone-game-v/description/?envType=problem-list-v2&envId=50vtr1g3,,"June 18, 2024 11:52 AM","June 19, 2024 8:42 PM",
https://leetcode.com/problems/minimum-cost-to-merge-stones/description/,,"June 19, 2024 8:46 PM","June 20, 2024 3:28 PM",
https://swexpertacademy.com/main/code/problem/problemDetail.do?problemLevel=4&problemLevel=5&problemLevel=6&contestProbId=AX8BB5d6T7gDFARO&categoryId=AX8BB5d6T7gDFARO&categoryType=CODE&problemTitle=&orderBy=RECOMMEND_COUNT&selectCodeLang=PYTHON&select-1=6&pageSize=10&pageIndex=6,,"June 20, 2024 3:30 PM","June 20, 2024 5:23 PM",
https://leetcode.com/problems/minimum-score-triangulation-of-polygon/description/?envType=problem-list-v2&envId=50vtr1g3,,"June 20, 2024 5:28 PM","June 21, 2024 3:13 PM",